{"hz":20,"timestep":0.05000000074505806,"tracks":[{"name":"head_tilt","automation":[0.5,0.49110536040519887,0.4774398330565423,0.46302715443342196,0.4479326343672501,0.432221582689439,0.4159593092314009,0.3992111238245481,0.38204233630029283,0.3645182564900473,0.34670419422522397,0.32866545933723496,0.31046736165749256,0.29217521101740906,0.27385431724839676,0.2555699901818678,0.23738753964923465,0.2193722754819094,0.20158950751130444,0.18410454556883193,0.16698269948590427,0.15028927909393358,0.13408959422433225,0.11844895470851247,0.1034326703778865,0.08910605106386682,0.07553440659786531,0.0627830468112946,0.050917281535566794,0.04000242060209419,0.030103773842289128,0.021286651087563613,0.01361636216933021,0.007158216919001037,0.001977525167988492,0,0,0,0,0,0.001324195415314665,0.005996448755309478,0.011266401647281075,0.017118671350766213,0.023537875125301654,0.030508630230424154,0.03801555392567047,0.04604326347057736,0.05457637612468158,0.0635995091475199,0.07309727979862905,0.08305430533754583,0.09345520302380697,0.10428459011694922,0.11552708387650937,0.12716730156202416,0.1391898604330303,0.15157937774906463,0.16432047076966388,0.17739775675436478,0.19079585296270413,0.20449937665421866,0.21849294508844513,0.23276117552492034,0.2472886852231809,0.26206009144276377,0.27706001144320563,0.2922730624840432,0.3076838618248133,0.32327702672505254,0.3390371744442978,0.354948922242086,0.37099688737795355,0.3871656871114375,0.40343993870207445,0.4198042594094011,0.43624326649295436,0.45274157721227104,0.46928380882688764,0.48585457859634124,0.5024385037801683,0.5190202016379056,0.5355842894290903,0.5521153844132586,0.5685981038499477,0.5850170649986941,0.6013568851190346,0.617602181470506,0.6337375713126451,0.6497476719049887,0.6656171005070733,0.6813304743784359,0.6968724107786132,0.7122275269671419,0.7273804402035589,0.7423157677474007,0.7570181268582042,0.7714721347955064,0.7856624088188436,0.7995735661877529,0.813190224161771,0.8264970000004345,0.8394785109632804,0.8521193743098452,0.8644042072996658,0.8763176271922789,0.8878442512472214,0.8989686967240299,0.9096755808822412,0.9199495209813922,0.9297751342810193,0.9391370380406595,0.9480198495198499,0.9564081859781265,0.9642866646750266,0.971639902870087,0.9784525178228439,0.9847091267928346,0.9903943470395958,0.9954927958226641,0.9999890904015764,1,1,1,1,1,0.9962357102495206,0.9905340218182745,0.9835601488981489,0.9753808929172484,0.9660630553036778,0.9556734374855416,0.9442788408909447,0.9319460669479919,0.9187419170847877,0.9047331927294369,0.8899866953100442,0.8745692262547143,0.8585475869915521,0.841988578948662,0.8249590035541489,0.8075256622361175,0.7897553564226725,0.7717148875419185,0.7534710570219605,0.7350906662909029,0.7166405167768506,0.698187409907908,0.6797981471121803,0.661539529817772,0.6434783594527876,0.6256814374453321,0.6082155652235102,0.5911475442154264,0.5745441758491856,0.5584722615528923,0.5429986027546516,0.5281900008825677,0.5141132573647458,0.5008351736292903,0.5]}]}